<?xml version="1.0" encoding="UTF-8"?>
<project-private xmlns="http://www.netbeans.org/ns/project-private/1">
    <editor-bookmarks xmlns="http://www.netbeans.org/ns/editor-bookmarks/2" lastBookmarkId="0"/>
    <open-files xmlns="http://www.netbeans.org/ns/projectui-open-files/2">
        <group>
            <file>file:/C:/Aplicaciones/Netbeans/SpringPostValidacion/web/WEB-INF/jsp/formulario.jsp</file>
            <file>file:/C:/Aplicaciones/Netbeans/SpringPostValidacion/web/WEB-INF/jsp/resultado.jsp</file>
            <file>file:/C:/Aplicaciones/Netbeans/SpringPostValidacion/src/java/com/empresa/proyecto2/DTO/formularioDTO.java</file>
            <file>file:/C:/Aplicaciones/Netbeans/SpringPostValidacion/src/java/com/empresa/proyecto2/controlador/controladorPrincipal.java</file>
            <file>file:/C:/Aplicaciones/Netbeans/SpringPostValidacion/web/WEB-INF/dispatcher-servlet.xml</file>
        </group>
    </open-files>
</project-private>
