<?xml version="1.0" encoding="UTF-8"?>
<project-private xmlns="http://www.netbeans.org/ns/project-private/1">
    <editor-bookmarks xmlns="http://www.netbeans.org/ns/editor-bookmarks/2" lastBookmarkId="0"/>
    <open-files xmlns="http://www.netbeans.org/ns/projectui-open-files/2">
        <group>
            <file>file:/C:/Aplicaciones/Netbeans/SpringJDBC/web/WEB-INF/dispatcher-servlet.xml</file>
            <file>file:/C:/Aplicaciones/Netbeans/SpringJDBC/src/java/com/empresa/proyecto/clases/datosDTO.java</file>
            <file>file:/C:/Aplicaciones/Netbeans/SpringJDBC/web/WEB-INF/applicationContext.xml</file>
            <file>file:/C:/Aplicaciones/Netbeans/SpringJDBC/src/java/com/empresa/proyecto/controlador/controladorPrincipal.java</file>
            <file>file:/C:/Aplicaciones/Netbeans/SpringJDBC/web/WEB-INF/jsp/agregar.jsp</file>
            <file>file:/C:/Aplicaciones/Netbeans/SpringJDBC/web/WEB-INF/jsp/listado.jsp</file>
        </group>
    </open-files>
</project-private>
