<?xml version="1.0" encoding="UTF-8"?>
<project-private xmlns="http://www.netbeans.org/ns/project-private/1">
    <editor-bookmarks xmlns="http://www.netbeans.org/ns/editor-bookmarks/2" lastBookmarkId="0"/>
    <open-files xmlns="http://www.netbeans.org/ns/projectui-open-files/2">
        <group>
            <file>file:/C:/Aplicaciones/Netbeans/WebApp05.1/web/opciones.html</file>
            <file>file:/C:/Aplicaciones/Netbeans/WebApp05.1/web/entorno.html</file>
            <file>file:/C:/Aplicaciones/Netbeans/WebApp05.1/web/mantenimientos/editarAlumnos.jsp</file>
            <file>file:/C:/Aplicaciones/Netbeans/WebApp05.1/web/mantenimientos/editarCursos.jsp</file>
            <file>file:/C:/Aplicaciones/Netbeans/WebApp05.1/web/mantenimientos/listadoAreas.jsp</file>
            <file>file:/C:/Aplicaciones/Netbeans/WebApp05.1/src/java/com/tecsup/servlets/controladorPrincipal.java</file>
            <file>file:/C:/Aplicaciones/Netbeans/WebApp05.1/src/java/com/tecsup/servlets/ServletSesion.java</file>
            <file>file:/C:/Aplicaciones/Netbeans/WebApp05.1/web/css/estilo.css</file>
            <file>file:/C:/Aplicaciones/Netbeans/WebApp05.1/web/mantenimientos/editarUsuarios.jsp</file>
            <file>file:/C:/Aplicaciones/Netbeans/WebApp05.1/web/index.html</file>
            <file>file:/C:/Aplicaciones/Netbeans/WebApp05.1/web/contenido.html</file>
            <file>file:/C:/Aplicaciones/Netbeans/WebApp05.1/src/java/com/tecsup/servlets/ServletVerifica.java</file>
            <file>file:/C:/Aplicaciones/Netbeans/WebApp05.1/web/index.jsp</file>
            <file>file:/C:/Aplicaciones/Netbeans/WebApp05.1/web/mantenimientos/listadoUsuarios.jsp</file>
            <file>file:/C:/Aplicaciones/Netbeans/WebApp05.1/src/java/com/tecsup/datos/cBaseDatos.java</file>
            <file>file:/C:/Aplicaciones/Netbeans/WebApp05.1/web/mantenimientos/listadoAlumnos.jsp</file>
            <file>file:/C:/Aplicaciones/Netbeans/WebApp05.1/web/mantenimientos/editarAreas.jsp</file>
            <file>file:/C:/Aplicaciones/Netbeans/WebApp05.1/web/mantenimientos/listadoCursos.jsp</file>
            <file>file:/C:/Aplicaciones/Netbeans/WebApp05.1/web/titulo.html</file>
        </group>
    </open-files>
</project-private>
